,tenure,tenure,tenure,MonthlyCharges,MonthlyCharges,MonthlyCharges
,mean,median,std,mean,median,std
Cluster,,,,,,
0,0.7503372843789148,0.75,0.16941362884957822,0.15674144455519448,0.0686567164179104,0.15469092803327214
1,0.20940313644009098,0.1805555555555555,0.1551498255350398,0.6260872839719479,0.6164179104477612,0.1259277420181998
2,0.8202487647937493,0.8472222222222222,0.15198880827289568,0.7422687493247311,0.7584577114427861,0.141033734600884
3,0.1431042884990253,0.1111111111111111,0.12661872903230093,0.13863053155276245,0.06791044776119401,0.13470513855331792
