,tenure,tenure,tenure,MonthlyCharges,MonthlyCharges,MonthlyCharges
,mean,median,std,mean,median,std
Cluster,,,,,,
0,0.7509131103421761,0.75,0.16957292707495863,0.15744547160391809,0.0686567164179104,0.1551057818172107
1,0.1431042884990253,0.1111111111111111,0.12661872903230093,0.13863053155276245,0.06791044776119401,0.13470513855331792
2,0.2083829808360639,0.1805555555555555,0.1544810331546643,0.625508738701488,0.6159203980099502,0.12569038588117404
3,0.8186708498080338,0.8472222222222222,0.1531025310403706,0.742943354398713,0.7597014925373133,0.14042920577836743
