,tenure,tenure,tenure,MonthlyCharges,MonthlyCharges,MonthlyCharges
,mean,median,std,mean,median,std
Cluster,,,,,,
0,-0.8945029053499784,-0.9924020376385532,0.3732324224049724,-1.0775804800336166,-1.3181936310507012,0.4526913642762317
1,1.0741146994688477,1.1657772395230557,0.4551536153596734,0.9391788142845904,0.9941968946804594,0.46747413662726217
2,-0.7128378971913741,-0.7888002190384014,0.45168356642960605,0.5425816151619496,0.5114448661322006,0.4130860186846268
3,0.8861334938720671,0.880734693482843,0.4978730952685517,-1.0220985584483115,-1.3165318340505352,0.5161614508988485
