,tenure,tenure,tenure,MonthlyCharges,MonthlyCharges,MonthlyCharges
,mean,median,std,mean,median,std
Cluster,,,,,,
0,-0.8910948509932813,-0.9924020376385532,0.3750782602570157,-1.0732215341226325,-1.3165318340505352,0.4549960224107553
1,1.0741146994688477,1.1657772395230557,0.4551536153596734,0.9391788142845904,0.9941968946804594,0.46747413662726217
2,-0.7150453678721758,-0.7888002190384014,0.4515010689239844,0.5468711510926384,0.5122757646322836,0.40961209769851814
3,0.8854237050627252,0.880734693482843,0.49824161763147484,-1.021438411594196,-1.3165318340505352,0.5164253251641862
