SeniorCitizen,tenure,MonthlyCharges,gender_Female,gender_Male,Dependents_No,Dependents_Yes,PhoneService_No,PhoneService_Yes,MultipleLines_No,MultipleLines_Yes,InternetService_DSL,InternetService_Fiber optic,Contract_Month-to-month,Contract_One year,Contract_Two year,Churn_No,Churn_Yes
0.0438596491228065,0.5278265107212475,0.21642576590730558,0.49707602339181284,0.5029239766081871,0.43742690058479455,0.5625730994152062,0.2058479532163741,0.7941520467836259,0.9999999999999982,1.7763568394002505e-15,0.9871345029239741,0.012865497076025911,0.16432748538011765,0.3953216374269002,0.44035087719298216,0.9842105263157881,0.01578947368421188
0.2517667844522964,0.37421476246564583,0.6819537471652338,0.24469964664310956,0.7553003533568905,0.8074204946996467,0.19257950530035323,-1.8041124150158794e-16,1.0000000000000002,0.7473498233215543,0.2526501766784457,-2.1094237467877974e-15,1.0000000000000022,0.8180212014134276,0.12367491166077718,0.05830388692579583,0.7879858657243816,0.21201413427561844
0.13831168831168825,0.7720238095238094,0.5828871874394262,0.5233766233766235,0.4766233766233765,0.5681818181818195,0.4318181818181812,-1.942890293094024e-16,1.0000000000000002,-1.887379141862766e-15,1.0000000000000018,0.5694805194805193,0.4305194805194808,0.090909090909092,0.35389610389610443,0.5551948051948036,0.9740259740259732,0.02597402597402676
0.11135857461024476,0.16932689928235634,0.21979671058220396,0.4654788418708243,0.5345211581291758,0.9368968077208617,0.06310319227913827,0.2449888641425388,0.7550111358574613,0.9101707498144008,0.08982925018559917,0.9999999999999978,2.1649348980190553e-15,0.9814402375649585,0.01855976243504165,-1.1102230246251565e-16,0.641425389755011,0.35857461024498904
0.3188736681887362,0.3221714865550482,0.703005141719106,0.7062404870624047,0.2937595129375953,0.8630136986301382,0.13698630136986184,-1.8041124150158794e-16,1.0000000000000002,0.22070015220700007,0.779299847793,0.026636225266359892,0.9733637747336401,0.9178082191780803,0.06621004566210092,0.015981735159817684,0.1788432267884339,0.8211567732115661
