SeniorCitizen,tenure,MonthlyCharges,gender_Female,gender_Male,Dependents_No,Dependents_Yes,PhoneService_No,PhoneService_Yes,MultipleLines_No,MultipleLines_Yes,InternetService_DSL,InternetService_Fiber optic,Contract_Month-to-month,Contract_One year,Contract_Two year,Churn_No,Churn_Yes
-0.02619241801884527,-0.025800911152378085,-0.7555559505223159,-0.019813418121422142,0.019813418121422142,-0.00538018458216314,0.005380184582163513,3.054010391622913,-3.054010391622913,0.8541761503778127,-0.8541761503778127,0.8856597597457697,-0.8856597597457697,0.002267389787248545,0.008522653022534162,-0.010746780281384477,0.03647093110512875,-0.03647093110512875
0.21953241417925035,0.4077502689412473,0.9752946454504898,0.0017439251406719545,-0.0017439251406719545,0.09310977570651527,-0.09310977570651503,-0.32743830955617437,0.32743830955617437,-0.4762764098126759,0.4762764098126759,-1.1291017673503199,1.1291017673503199,-0.03396223345608598,0.08203765758045196,-0.03852550592247692,0.5846843698101265,-0.5846843698101265
-0.19938841513349284,0.24058977201183246,-0.5199854621887888,0.6143492053605774,-0.6143492053605774,0.3292627681125607,-0.32926276811256067,-0.32743830955617353,0.32743830955617353,-0.2898666251493611,0.2898666251493611,0.8856597597457704,-0.8856597597457704,-0.40823052370110474,0.11754646976817332,0.36323543970942307,0.5737976104711621,-0.5737976104711621
-0.3499802991573879,-0.03798570418583428,-0.8231178832510573,-0.5288780362370691,0.5288780362370691,-0.7115581822994335,0.7115581822994335,-0.3274383095561734,0.3274383095561734,0.5856818043874511,-0.5856818043874511,0.8732916717955144,-0.8732916717955144,-0.34953998147615023,0.14385400263803166,0.26990803961050797,0.5023098570176165,-0.5023098570176165
0.28628499475165625,-0.6100788227987698,0.4945390176008043,0.03390476970017226,-0.03390476970017226,0.34819575026257255,-0.34819575026257243,-0.3274383095561732,0.3274383095561732,-0.18296511904227092,0.18296511904227092,-0.7321975265527706,0.7321975265527706,0.7332139097709737,-0.34048582231402846,-0.5293272676388688,-1.6638285090871348,1.6638285090871348
